[
{
    "model": "auth.user",
    "pk": 1,
    "fields": {
        "password": "pbkdf2_sha256$600000$PPthbp8dIazxiOhIfHKXUi$H9NjScHpU+iR6WasuanU3R2wT1N/FdvrMD6oDQSrOTo=",
        "last_login": "2023-06-25T07:54:32.215Z",
        "is_superuser": true,
        "username": "ayomide",
        "first_name": "",
        "last_name": "",
        "email": "",
        "is_staff": true,
        "is_active": true,
        "date_joined": "2023-06-14T23:13:15.892Z",
        "groups": [],
        "user_permissions": []
    }
},
{
    "model": "auth.user",
    "pk": 9,
    "fields": {
        "password": "pbkdf2_sha256$600000$B3EgdHfx1XNu2SsGmkAlKb$ogfrG4icAClGdv/X7CA+NRqPPRnw6xmbKSTLvu0z8LI=",
        "last_login": null,
        "is_superuser": false,
        "username": "ajaomalik2020@gmail.com",
        "first_name": "",
        "last_name": "",
        "email": "",
        "is_staff": false,
        "is_active": true,
        "date_joined": "2023-06-17T22:57:53.120Z",
        "groups": [],
        "user_permissions": []
    }
},
{
    "model": "auth.user",
    "pk": 10,
    "fields": {
        "password": "pbkdf2_sha256$600000$9dDbdkTl3IaF4ihjGTqjgQ$3RrYcHyC0XZiWKn6zPglAlakZgkCKKzVAo9TfDHmQkg=",
        "last_login": null,
        "is_superuser": false,
        "username": "ajaomalik2017@gmail.com",
        "first_name": "",
        "last_name": "",
        "email": "",
        "is_staff": false,
        "is_active": true,
        "date_joined": "2023-06-21T15:09:00.880Z",
        "groups": [],
        "user_permissions": []
    }
},
{
    "model": "auth.user",
    "pk": 11,
    "fields": {
        "password": "pbkdf2_sha256$600000$3mBiXEk0Uc8J2kdEYaIUqZ$j7hmGDjfmmxYWJ390CgHwnyv2jFT0ZSOC0G2z26KsC0=",
        "last_login": null,
        "is_superuser": false,
        "username": "johnhamed@gmaill.com",
        "first_name": "",
        "last_name": "",
        "email": "",
        "is_staff": false,
        "is_active": true,
        "date_joined": "2023-06-21T20:31:47.687Z",
        "groups": [],
        "user_permissions": []
    }
},
{
    "model": "auth.user",
    "pk": 12,
    "fields": {
        "password": "pbkdf2_sha256$600000$bcFWqYCKjlNxpefmNASkjV$C6Nh8hfaoP+ydQ64IUWgVWO1YiRt52vNaGLvPK1X+kg=",
        "last_login": null,
        "is_superuser": false,
        "username": "ajaomalik2090@gmail.com",
        "first_name": "",
        "last_name": "",
        "email": "",
        "is_staff": false,
        "is_active": true,
        "date_joined": "2023-06-26T07:16:28.030Z",
        "groups": [],
        "user_permissions": []
    }
},
{
    "model": "auth.user",
    "pk": 13,
    "fields": {
        "password": "pbkdf2_sha256$600000$03nu27hHJTXQIgmIEQTzRs$yXOAvBHSTyZ7q3SQZdIUzFtl0CNASrBjuYO1P685ULg=",
        "last_login": null,
        "is_superuser": false,
        "username": "ajaomalik22@gmail.com",
        "first_name": "",
        "last_name": "",
        "email": "",
        "is_staff": false,
        "is_active": true,
        "date_joined": "2023-06-27T11:18:52.812Z",
        "groups": [],
        "user_permissions": []
    }
},
{
    "model": "sessions.session",
    "pk": "5uuo82pew2xxkp6wzgj4pvx0oglxa50f",
    "fields": {
        "session_data": ".eJxVjEsOAiEQBe_C2hCg-YhL956BQNPIqIFkmFkZ725IZqHbV1XvzULctxr2QWtYMrswyU6_W4r4pDZBfsR27xx729Yl8anwgw5-65le18P9O6hx1FkXsCopQ0YKKBq8tUUosDpLTVCsRkSvJCkU_oymEGSIoNE4541Ljn2-y6g3Sg:1q9ZgS:siWxJH33LI1NQf1tk5RRGTvzGlgBGVzbL6uNZryhc8E",
        "expire_date": "2023-06-28T23:13:48.929Z"
    }
},
{
    "model": "sessions.session",
    "pk": "kf60n15xjfpykc73nns6j73ykbz8dnwk",
    "fields": {
        "session_data": ".eJxVjEsOAiEQBe_C2hCg-YhL956BQNPIqIFkmFkZ725IZqHbV1XvzULctxr2QWtYMrswyU6_W4r4pDZBfsR27xx729Yl8anwgw5-65le18P9O6hx1FkXsCopQ0YKKBq8tUUosDpLTVCsRkSvJCkU_oymEGSIoNE4541Ljn2-y6g3Sg:1qDKZs:j7KzxiC1EObI9fre-ScseGfLVUGl9LAZScVfLWgt-G8",
        "expire_date": "2023-07-09T07:54:32.220Z"
    }
},
{
    "model": "shop_nexus_api_point.seller",
    "pk": 1,
    "fields": {
        "user": [
            "ayomide"
        ],
        "name": "Ajao Malik",
        "email": "ajaomalik2018@gmail.com",
        "phone": 9029936239,
        "address": "16 Amoo StAgege, Lagos",
        "bio": "Comely business",
        "about": "very goodddddddd store",
        "rating": 7,
        "business_name": "Comely Store",
        "business_category": "Fashion",
        "business_reg_no": "456285",
        "business_logo": "logo_images/WhatsApp_Image_2023-06-10_at_4.06.19_PM_4eFlwKq.jpeg"
    }
},
{
    "model": "shop_nexus_api_point.seller",
    "pk": 3,
    "fields": {
        "user": [
            "ajaomalik2020@gmail.com"
        ],
        "name": "Ajao Malik",
        "email": "ajaomalik2020@gmail.com",
        "phone": 9029936239,
        "address": "16 Amoo StAgege, Lagos",
        "bio": "this is a bio",
        "about": "this is about",
        "rating": 5,
        "business_name": "Sleemtino gadgets",
        "business_category": "electronics",
        "business_reg_no": "12234",
        "business_logo": "logo_images/photo_jdIKIHL.jpeg"
    }
},
{
    "model": "shop_nexus_api_point.customer",
    "pk": 2,
    "fields": {
        "user": [
            "ajaomalik2017@gmail.com"
        ],
        "name": "Ajao Malik",
        "phone": 9029936239,
        "address": "ajaomalik2018@gmail.com"
    }
},
{
    "model": "shop_nexus_api_point.customer",
    "pk": 3,
    "fields": {
        "user": [
            "johnhamed@gmaill.com"
        ],
        "name": "John Hamed",
        "phone": 9029936239,
        "address": "NewHall, Unilag, Lagos"
    }
},
{
    "model": "shop_nexus_api_point.customer",
    "pk": 4,
    "fields": {
        "user": [
            "ajaomalik2090@gmail.com"
        ],
        "name": "Ajao Malik",
        "phone": 9029936239,
        "address": "ajaomalik2020@gmail.com"
    }
},
{
    "model": "shop_nexus_api_point.customer",
    "pk": 5,
    "fields": {
        "user": [
            "ajaomalik22@gmail.com"
        ],
        "name": "Ajao Malik",
        "phone": 9029936239,
        "address": "ajaomalik2018@gmail.com"
    }
},
{
    "model": "shop_nexus_api_point.product",
    "pk": "05dc7233-baf3-472f-941d-b0b609d8b791",
    "fields": {
        "seller": 3,
        "image": "product_images/photo.png",
        "img_1": "product_images/photo_IpxHg0T.png",
        "img_2": "product_images/photo_pSFzDdP.png",
        "img_3": "product_images/photo_jVnByuW.png",
        "img_4": "product_images/photo_v6j0VTy.png",
        "name": "Iphone 12",
        "description": "The product is required",
        "price": "5000.00",
        "category": "Electronics",
        "count": 5,
        "rating": 4,
        "featured": false
    }
},
{
    "model": "shop_nexus_api_point.product",
    "pk": "18c382f6-e5d8-4cb6-820b-4ef93d510f5b",
    "fields": {
        "seller": 3,
        "image": "product_images/photo_LJKRu0s.jpeg",
        "img_1": "product_images/photo_W7edoTR.jpeg",
        "img_2": "product_images/photo_Fbs01UT.jpeg",
        "img_3": "product_images/photo_v33dI7W.jpeg",
        "img_4": "product_images/photo_LoBYEjp.jpeg",
        "name": "Men Shoes",
        "description": "The product is required",
        "price": "5000.00",
        "category": "Phone",
        "count": 5,
        "rating": 4,
        "featured": false
    }
},
{
    "model": "shop_nexus_api_point.product",
    "pk": "1c2e6c55-d8b3-4242-9ac8-476447ebf8bb",
    "fields": {
        "seller": 1,
        "image": "product_images/shoe_oYQYSRw_1_SgMaYzr.webp",
        "img_1": "product_images/shoe_oYQYSRw_1_BQo2OVh.webp",
        "img_2": "product_images/shoe_oYQYSRw_1_ZrVCNrn.webp",
        "img_3": "product_images/shoe_oYQYSRw_1_T6pdW3f.webp",
        "img_4": "product_images/shoe_oYQYSRw_1_X0ci65G.webp",
        "name": "Men Shoes",
        "description": "Big Men shoes",
        "price": "5000.00",
        "category": "Fashion",
        "count": 19,
        "rating": 9,
        "featured": false
    }
},
{
    "model": "shop_nexus_api_point.product",
    "pk": "2274f8ac-3d55-430b-8360-f59ab505f3d7",
    "fields": {
        "seller": 3,
        "image": "product_images/photo_2DMf1C5.jpeg",
        "img_1": "product_images/photo_0uGgUpA.jpeg",
        "img_2": "product_images/photo_Y0euTGx.jpeg",
        "img_3": "product_images/photo_OyStLNW.jpeg",
        "img_4": "product_images/photo_HVFpaqJ.jpeg",
        "name": "Men Shoes",
        "description": "The product is required",
        "price": "5000.00",
        "category": "Phone",
        "count": 5,
        "rating": 4,
        "featured": false
    }
},
{
    "model": "shop_nexus_api_point.product",
    "pk": "27d0ced9-038e-43d1-a946-a9211562f888",
    "fields": {
        "seller": 1,
        "image": "product_images/shoe_oYQYSRw_1_1F9UPrG.webp",
        "img_1": "product_images/shoe_oYQYSRw_1_p5i7xuW.webp",
        "img_2": "product_images/shoe_oYQYSRw_1_6T5CTE4.webp",
        "img_3": "product_images/shoe_oYQYSRw_1_2ck7YTu.webp",
        "img_4": "product_images/shoe_oYQYSRw_1_qjchu1H.webp",
        "name": "Men Shoes",
        "description": "Big Men shoes",
        "price": "5000.00",
        "category": "Fashion",
        "count": 19,
        "rating": -8,
        "featured": false
    }
},
{
    "model": "shop_nexus_api_point.product",
    "pk": "2dae3d86-ccac-4917-989c-506bbc2ccc1d",
    "fields": {
        "seller": 3,
        "image": "product_images/photo_7Yr4dG9.jpeg",
        "img_1": "product_images/photo_ZJZP2WP.jpeg",
        "img_2": "product_images/photo_Gu0i07T.jpeg",
        "img_3": "product_images/photo_dRRl7fD.jpeg",
        "img_4": "product_images/photo_YpLgdwq.jpeg",
        "name": "Men Shoes",
        "description": "The product is required",
        "price": "5000.00",
        "category": "Phone",
        "count": 5,
        "rating": 4,
        "featured": false
    }
},
{
    "model": "shop_nexus_api_point.product",
    "pk": "3363a510-7a3b-45a8-a209-8f9bf9bb0cd1",
    "fields": {
        "seller": 3,
        "image": "product_images/photo_fbe8qHP.jpeg",
        "img_1": "product_images/photo_8mFKPhe.jpeg",
        "img_2": "product_images/photo_K1WPTVR.jpeg",
        "img_3": "product_images/photo_wrJBiwA.jpeg",
        "img_4": "product_images/photo_EpvmigM.jpeg",
        "name": "Men Shoes",
        "description": "The product is required",
        "price": "5000.00",
        "category": "Phone",
        "count": 5,
        "rating": 4,
        "featured": false
    }
},
{
    "model": "shop_nexus_api_point.product",
    "pk": "3829663f-e633-4759-af42-e29efb6cd646",
    "fields": {
        "seller": 3,
        "image": "product_images/photo_D6P9BMc.jpeg",
        "img_1": "product_images/photo_LiFr86y.jpeg",
        "img_2": "product_images/photo_eVNHB1c.jpeg",
        "img_3": "product_images/photo_n9X8GiL.jpeg",
        "img_4": "product_images/photo_L4jQwyz.jpeg",
        "name": "Iphone 7",
        "description": "The product is required",
        "price": "4950.00",
        "category": "Phone",
        "count": 2,
        "rating": 4,
        "featured": false
    }
},
{
    "model": "shop_nexus_api_point.product",
    "pk": "40cf8dc8-8ca8-428c-877d-361bcfece34d",
    "fields": {
        "seller": 1,
        "image": "product_images/shoe_oYQYSRw_1_Ul8LvsQ.webp",
        "img_1": "product_images/shoe_oYQYSRw_1_zF2e4Um.webp",
        "img_2": "product_images/shoe_oYQYSRw_1_AbUx8lF.webp",
        "img_3": "product_images/shoe_oYQYSRw_1_20I55Cp.webp",
        "img_4": "product_images/shoe_oYQYSRw_1_tO2MaSG.webp",
        "name": "Men Shoes",
        "description": "Big Men shoes",
        "price": "5000.00",
        "category": "Fashion",
        "count": 19,
        "rating": 9,
        "featured": false
    }
},
{
    "model": "shop_nexus_api_point.product",
    "pk": "4a8e1f03-f4b4-4c6b-88ac-029ac20d7dd3",
    "fields": {
        "seller": 3,
        "image": "product_images/photo_S8ZnAA2.jpeg",
        "img_1": "product_images/photo_V3CpGUm.jpeg",
        "img_2": "product_images/photo_ektZYlR.jpeg",
        "img_3": "product_images/photo_m7VxjCH.jpeg",
        "img_4": "product_images/photo_g7MHAYt.jpeg",
        "name": "Men Shoes",
        "description": "The product is required",
        "price": "5000.00",
        "category": "Phone",
        "count": 5,
        "rating": 4,
        "featured": false
    }
},
{
    "model": "shop_nexus_api_point.product",
    "pk": "65563252-fafe-4c94-a250-479cd7078d6b",
    "fields": {
        "seller": 3,
        "image": "product_images/Screenshot_2023-05-14_194834_NuoXhxL.png",
        "img_1": "product_images/Screenshot_2023-05-14_194739_98DCGRy.png",
        "img_2": "product_images/Screenshot_2023-05-14_194739_6coUFvT.png",
        "img_3": "product_images/Screenshot_2023-05-21_102853_urisAjY.png",
        "img_4": "product_images/Screenshot_2023-05-21_102853_pbOvFWv.png",
        "name": "Iphone 7",
        "description": "Thi sis ipone 33 pro ma",
        "price": "1230.00",
        "category": "Phone",
        "count": 7,
        "rating": 4,
        "featured": false
    }
},
{
    "model": "shop_nexus_api_point.product",
    "pk": "6e02b761-b178-40b2-8b2b-f5f4fc1b9a61",
    "fields": {
        "seller": 3,
        "image": "product_images/Screenshot_2023-05-14_194834_l5CvFP6.png",
        "img_1": "product_images/Screenshot_2023-05-14_194739_t9L8M3S.png",
        "img_2": "product_images/Screenshot_2023-05-14_194739_aA5S2ZU.png",
        "img_3": "product_images/Screenshot_2023-05-21_102853_QDbNyVA.png",
        "img_4": "product_images/Screenshot_2023-05-21_102853_voDSZ5c.png",
        "name": "Iphone 7",
        "description": "Thi sis ipone 33 pro ma",
        "price": "1230.00",
        "category": "Phone",
        "count": 7,
        "rating": 4,
        "featured": false
    }
},
{
    "model": "shop_nexus_api_point.product",
    "pk": "7247e921-57ef-402f-af32-c0471e2097ed",
    "fields": {
        "seller": 3,
        "image": "product_images/Screenshot_2023-05-14_194834_Bybort5.png",
        "img_1": "product_images/Screenshot_2023-05-14_194739_7g6VS91.png",
        "img_2": "product_images/Screenshot_2023-05-14_194739_s1HviA3.png",
        "img_3": "product_images/Screenshot_2023-05-21_102853_7SjSf02.png",
        "img_4": "product_images/Screenshot_2023-05-21_102853_mLCP7Fs.png",
        "name": "Iphone 13",
        "description": "Thi sis ipone 33 pro ma",
        "price": "1230.00",
        "category": "Phone",
        "count": 7,
        "rating": 4,
        "featured": false
    }
},
{
    "model": "shop_nexus_api_point.product",
    "pk": "764cd4fa-4822-49b2-b066-d4dfd6cfa619",
    "fields": {
        "seller": 3,
        "image": "product_images/Screenshot_2023-05-14_194834_r3LAwPB.png",
        "img_1": "product_images/Screenshot_2023-05-14_194739_e0QN8bF.png",
        "img_2": "product_images/Screenshot_2023-05-14_194739_vmZlMnD.png",
        "img_3": "product_images/Screenshot_2023-05-21_102853_zXeM7q9.png",
        "img_4": "product_images/Screenshot_2023-05-21_102853_o1383Fx.png",
        "name": "Iphone 7",
        "description": "Thi sis ipone 33 pro ma",
        "price": "1230.00",
        "category": "Phone",
        "count": 7,
        "rating": 4,
        "featured": false
    }
},
{
    "model": "shop_nexus_api_point.product",
    "pk": "79e98fbc-a84e-41f8-b20d-8d969ec1e9e9",
    "fields": {
        "seller": 3,
        "image": "product_images/Screenshot_2023-05-14_194834_K3t23JL.png",
        "img_1": "product_images/Screenshot_2023-05-14_194739_KEZjWGk.png",
        "img_2": "product_images/Screenshot_2023-05-14_194739_YMJL3WP.png",
        "img_3": "product_images/Screenshot_2023-05-21_102853_zSHxTw4.png",
        "img_4": "product_images/Screenshot_2023-05-21_102853_W407YYn.png",
        "name": "Iphone 7",
        "description": "Thi sis ipone 33 pro ma",
        "price": "1230.00",
        "category": "Phone",
        "count": 7,
        "rating": 4,
        "featured": false
    }
},
{
    "model": "shop_nexus_api_point.product",
    "pk": "80125871-9305-47db-975a-f26e584fc1ba",
    "fields": {
        "seller": 3,
        "image": "product_images/photo_XV4ojBH.jpeg",
        "img_1": "product_images/photo_9Jblv3A.jpeg",
        "img_2": "product_images/photo_iUMk9W6.jpeg",
        "img_3": "product_images/photo_nmsg2GK.jpeg",
        "img_4": "product_images/photo_eYzSx6M.jpeg",
        "name": "Men Shoes",
        "description": "The product is required",
        "price": "5000.00",
        "category": "Phone",
        "count": 5,
        "rating": 4,
        "featured": false
    }
},
{
    "model": "shop_nexus_api_point.product",
    "pk": "87ccdc8b-93a8-4d97-ab58-f0dd48e6df20",
    "fields": {
        "seller": 1,
        "image": "product_images/shoe_oYQYSRw_1_3auyV0l.webp",
        "img_1": "product_images/shoe_oYQYSRw_1_1waZZTC.webp",
        "img_2": "product_images/shoe_oYQYSRw_1_UmMBt84.webp",
        "img_3": "product_images/shoe_oYQYSRw_1_Wy4rpvZ.webp",
        "img_4": "product_images/shoe_oYQYSRw_1_ikbqRzf.webp",
        "name": "Men Shoes",
        "description": "Big Men shoes",
        "price": "5000.00",
        "category": "Fashion",
        "count": 19,
        "rating": 9,
        "featured": false
    }
},
{
    "model": "shop_nexus_api_point.product",
    "pk": "90803dcb-8e4b-4ede-ba05-ecc67b04cd05",
    "fields": {
        "seller": 3,
        "image": "product_images/photo.jpeg",
        "img_1": "product_images/photo_VgYrpYo.jpeg",
        "img_2": "product_images/photo_f1TA1kg.jpeg",
        "img_3": "product_images/photo_UB50TEl.jpeg",
        "img_4": "product_images/photo_wfKL5wu.jpeg",
        "name": "Men Shoes",
        "description": "The product is required",
        "price": "5000.00",
        "category": "Phone",
        "count": 5,
        "rating": 4,
        "featured": false
    }
},
{
    "model": "shop_nexus_api_point.product",
    "pk": "91243ad7-f091-4f71-9cd4-7f30fa1dd58b",
    "fields": {
        "seller": 3,
        "image": "product_images/Screenshot_2023-05-14_194834_YxMKOPJ.png",
        "img_1": "product_images/Screenshot_2023-05-14_194739_ACz3XwT.png",
        "img_2": "product_images/Screenshot_2023-05-14_194739_I4Zytkg.png",
        "img_3": "product_images/Screenshot_2023-05-21_102853_BuA4ev3.png",
        "img_4": "product_images/Screenshot_2023-05-21_102853_bu9ufHy.png",
        "name": "Iphone 7",
        "description": "Thi sis ipone 33 pro ma",
        "price": "1230.00",
        "category": "Phone",
        "count": 7,
        "rating": 4,
        "featured": false
    }
},
{
    "model": "shop_nexus_api_point.product",
    "pk": "a59f0794-a9e0-48e5-b1f7-4fcb7d16eaae",
    "fields": {
        "seller": 3,
        "image": "product_images/photo_7xgbAap.jpeg",
        "img_1": "product_images/photo_0ks4Iyl.jpeg",
        "img_2": "product_images/photo_LLrGiBZ.jpeg",
        "img_3": "product_images/photo_2wfSJqm.jpeg",
        "img_4": "product_images/photo_uonEA81.jpeg",
        "name": "Men Shoes",
        "description": "The product is required",
        "price": "5000.00",
        "category": "Phone",
        "count": 5,
        "rating": 4,
        "featured": false
    }
},
{
    "model": "shop_nexus_api_point.product",
    "pk": "aec719bc-96bf-4100-862c-7da7e757954a",
    "fields": {
        "seller": 1,
        "image": "product_images/1_1.jpg",
        "img_1": "product_images/1_1_nwvDw6j.jpg",
        "img_2": "product_images/1_1_wuF9gJJ.jpg",
        "img_3": "product_images/1_1_C7GryYw.jpg",
        "img_4": "product_images/1_1_TrN2Ofc.jpg",
        "name": "Tws Earphones",
        "description": "Tws Wireless Bluetooth Headsets Earphones",
        "price": "5000.00",
        "category": "Electronics",
        "count": 14,
        "rating": 16,
        "featured": false
    }
},
{
    "model": "shop_nexus_api_point.product",
    "pk": "b44a07bd-ccc3-439d-a757-754a8be54364",
    "fields": {
        "seller": 3,
        "image": "product_images/photo_j4uTWtS.jpeg",
        "img_1": "product_images/photo_vscp1Jh.jpeg",
        "img_2": "product_images/photo_FAB38hg.jpeg",
        "img_3": "product_images/photo_x2dbnjK.jpeg",
        "img_4": "product_images/photo_1jFO5aP.jpeg",
        "name": "Men Shoes",
        "description": "The product is required",
        "price": "5000.00",
        "category": "Phone",
        "count": 5,
        "rating": 4,
        "featured": false
    }
},
{
    "model": "shop_nexus_api_point.product",
    "pk": "cdcfc154-ec1b-4ac1-ab98-3b866ad1f2fc",
    "fields": {
        "seller": 3,
        "image": "product_images/Screenshot_2023-05-14_194834.png",
        "img_1": "product_images/Screenshot_2023-05-14_194739.png",
        "img_2": "product_images/Screenshot_2023-05-14_194739_xAMrD1t.png",
        "img_3": "product_images/Screenshot_2023-05-21_102853.png",
        "img_4": "product_images/Screenshot_2023-05-21_102853_cy8kDB4.png",
        "name": "Iphone 11",
        "description": "Thi sis ipone 33 pro ma",
        "price": "1230.00",
        "category": "Phone",
        "count": 2,
        "rating": 4,
        "featured": false
    }
},
{
    "model": "shop_nexus_api_point.product",
    "pk": "d3390fa8-dfe8-46b4-a4ab-14b3fd6e4539",
    "fields": {
        "seller": 3,
        "image": "product_images/Screenshot_2023-05-14_194834_a9YrUBD.png",
        "img_1": "product_images/Screenshot_2023-05-14_194739_sTD88bc.png",
        "img_2": "product_images/Screenshot_2023-05-14_194739_UWZvOQR.png",
        "img_3": "product_images/Screenshot_2023-05-21_102853_mNEW98O.png",
        "img_4": "product_images/Screenshot_2023-05-21_102853_Tfq3CMd.png",
        "name": "Iphone 11",
        "description": "Thi sis ipone 33 pro ma",
        "price": "1230.00",
        "category": "Phone",
        "count": 4,
        "rating": 4,
        "featured": false
    }
},
{
    "model": "shop_nexus_api_point.product",
    "pk": "e8030f71-7f51-4f1f-8a05-068cc7a627ce",
    "fields": {
        "seller": 1,
        "image": "product_images/1.jpg",
        "img_1": "product_images/1_UHLWU6A.jpg",
        "img_2": "product_images/1_CTh3lMf.jpg",
        "img_3": "product_images/1_4zSkkGn.jpg",
        "img_4": "product_images/1_dCnb8aF.jpg",
        "name": "Oraimo Wireless Headphone",
        "description": "Oraimo BoomPop Over-Ear Bluetooth Wireless Headphone",
        "price": "5000.00",
        "category": "Fashion",
        "count": 19,
        "rating": 5,
        "featured": false
    }
},
{
    "model": "shop_nexus_api_point.product",
    "pk": "efa8e40e-4710-451d-9c78-d3b7316d709f",
    "fields": {
        "seller": 3,
        "image": "product_images/photo_lX3nxlN.jpeg",
        "img_1": "product_images/photo_l3MBJ4e.jpeg",
        "img_2": "product_images/photo_CeiMoqt.jpeg",
        "img_3": "product_images/photo_DEexV1j.jpeg",
        "img_4": "product_images/photo_9rgdU7h.jpeg",
        "name": "Men Shoes",
        "description": "The product is required",
        "price": "5000.00",
        "category": "Phone",
        "count": 5,
        "rating": 4,
        "featured": false
    }
},
{
    "model": "shop_nexus_api_point.product",
    "pk": "faf8a82c-0af9-40af-ab14-75917d60eda1",
    "fields": {
        "seller": 3,
        "image": "product_images/photo_QqD3BCt.jpeg",
        "img_1": "product_images/photo_OJzE4x4.jpeg",
        "img_2": "product_images/photo_UGrdPo5.jpeg",
        "img_3": "product_images/photo_rWyUvXc.jpeg",
        "img_4": "product_images/photo_Dbn9ytr.jpeg",
        "name": "Men Shoes",
        "description": "The product is required",
        "price": "5000.00",
        "category": "Phone",
        "count": 5,
        "rating": 4,
        "featured": false
    }
},
{
    "model": "shop_nexus_api_point.orderitem",
    "pk": 15,
    "fields": {
        "customer": 5,
        "product": "e8030f71-7f51-4f1f-8a05-068cc7a627ce",
        "quantity": 1,
        "status": true
    }
},
{
    "model": "shop_nexus_api_point.orderitem",
    "pk": 16,
    "fields": {
        "customer": 5,
        "product": "27d0ced9-038e-43d1-a946-a9211562f888",
        "quantity": 2,
        "status": true
    }
},
{
    "model": "shop_nexus_api_point.orderitem",
    "pk": 17,
    "fields": {
        "customer": 3,
        "product": "91243ad7-f091-4f71-9cd4-7f30fa1dd58b",
        "quantity": 2,
        "status": true
    }
},
{
    "model": "shop_nexus_api_point.orderitem",
    "pk": 18,
    "fields": {
        "customer": 3,
        "product": "05dc7233-baf3-472f-941d-b0b609d8b791",
        "quantity": 1,
        "status": true
    }
},
{
    "model": "shop_nexus_api_point.orderitem",
    "pk": 19,
    "fields": {
        "customer": 3,
        "product": "90803dcb-8e4b-4ede-ba05-ecc67b04cd05",
        "quantity": 1,
        "status": true
    }
},
{
    "model": "shop_nexus_api_point.order",
    "pk": 11,
    "fields": {
        "customer": 5,
        "orderitem_list": "[15, 16]",
        "created_at": "2023-06-28T14:19:02.550Z",
        "total_amount": "15000.00"
    }
},
{
    "model": "shop_nexus_api_point.order",
    "pk": 12,
    "fields": {
        "customer": 3,
        "orderitem_list": "[17, 18]",
        "created_at": "2023-06-28T15:55:49.316Z",
        "total_amount": "8460.00"
    }
},
{
    "model": "shop_nexus_api_point.order",
    "pk": 13,
    "fields": {
        "customer": 3,
        "orderitem_list": "[19]",
        "created_at": "2023-06-28T17:28:08.196Z",
        "total_amount": "6000.00"
    }
},
{
    "model": "shop_nexus_api_point.jwt",
    "pk": 34,
    "fields": {
        "user": [
            "ajaomalik2017@gmail.com"
        ],
        "access": "eyJhbGciOiJIUzI1NiIsInR5cCI6IkpXVCJ9.eyJleHAiOjE2ODczNjU1NTIsInVzZXJfaWQiOjEwfQ.OQpfk5kHO5uKUMDFXPeFWpwiumWNNMk6RS0xuIWZfKM",
        "refresh": "eyJhbGciOiJIUzI1NiIsInR5cCI6IkpXVCJ9.eyJleHAiOjE3MTg4OTk3NTIsImRhdGEiOiJSN0lLQkpVUFUyIn0.D89lU95-5qQwnH6dUaMREh_SVEx3ESlWGK6iZrCesHE",
        "created_at": "2023-06-21T15:09:12.965Z",
        "updated_at": "2023-06-21T15:09:12.965Z"
    }
},
{
    "model": "shop_nexus_api_point.jwt",
    "pk": 77,
    "fields": {
        "user": [
            "ajaomalik2090@gmail.com"
        ],
        "access": "eyJhbGciOiJIUzI1NiIsInR5cCI6IkpXVCJ9.eyJleHAiOjE2ODc4NTIwNzcsInVzZXJfaWQiOjEyfQ.upJozueSgbh3NNtih3AKZAkdR7qrZCWgFZnhaD9QoH8",
        "refresh": "eyJhbGciOiJIUzI1NiIsInR5cCI6IkpXVCJ9.eyJleHAiOjE3MTkzODYyNzcsImRhdGEiOiJNRUhSNFlVOE1UIn0.MbwvukST3Egkoj4_yXnRnBB0EIVl1bSWr0JhAl_Apug",
        "created_at": "2023-06-27T07:17:57.474Z",
        "updated_at": "2023-06-27T07:17:57.474Z"
    }
},
{
    "model": "shop_nexus_api_point.jwt",
    "pk": 88,
    "fields": {
        "user": [
            "ajaomalik22@gmail.com"
        ],
        "access": "eyJhbGciOiJIUzI1NiIsInR5cCI6IkpXVCJ9.eyJleHAiOjE2ODc5NjU3NTksInVzZXJfaWQiOjEzfQ.Dr8F5IlGZARia2hMXpg88xZrih1XCq4fsKQOL9WL0UE",
        "refresh": "eyJhbGciOiJIUzI1NiIsInR5cCI6IkpXVCJ9.eyJleHAiOjE3MTk0OTk5NTksImRhdGEiOiJWUUoxNkJBQVNVIn0.JWnVb-l3HX2kehAoZqJc91XR3pEh6am_gGVa0wXN4-s",
        "created_at": "2023-06-28T14:52:39.318Z",
        "updated_at": "2023-06-28T14:52:39.318Z"
    }
},
{
    "model": "shop_nexus_api_point.jwt",
    "pk": 96,
    "fields": {
        "user": [
            "johnhamed@gmaill.com"
        ],
        "access": "eyJhbGciOiJIUzI1NiIsInR5cCI6IkpXVCJ9.eyJleHAiOjE2ODc5NzUwNTQsInVzZXJfaWQiOjExfQ.xx1ozQjcAfqR015bsmKKh8GxBv9Xj_dxj3bQUJb-MWI",
        "refresh": "eyJhbGciOiJIUzI1NiIsInR5cCI6IkpXVCJ9.eyJleHAiOjE3MTk1MDkyNTQsImRhdGEiOiJRMDREWVZFRFBRIn0.HPbUrKBCWAD-yrSEZmy8VH7fUx3GKaVZEyLL-Mjfstc",
        "created_at": "2023-06-28T17:27:34.810Z",
        "updated_at": "2023-06-28T17:27:34.810Z"
    }
},
{
    "model": "shop_nexus_api_point.jwt",
    "pk": 97,
    "fields": {
        "user": [
            "ajaomalik2020@gmail.com"
        ],
        "access": "eyJhbGciOiJIUzI1NiIsInR5cCI6IkpXVCJ9.eyJleHAiOjE2ODgwMjc0MjUsInVzZXJfaWQiOjl9.sh2se9RSIV3nWLwIVlbGJqO3IQdqzZ-QO2xzimRvczU",
        "refresh": "eyJhbGciOiJIUzI1NiIsInR5cCI6IkpXVCJ9.eyJleHAiOjE3MTk1NjE2MjUsImRhdGEiOiJKSVZYMTRHRVpNIn0.aETsQ1KTOA8BGrtKIfLNueAOQw2M0M-hWcDNGF1Gw2M",
        "created_at": "2023-06-29T08:00:25.158Z",
        "updated_at": "2023-06-29T08:00:25.158Z"
    }
},
{
    "model": "shop_nexus_api_point.payment",
    "pk": 18,
    "fields": {
        "customer": 5,
        "order": 11,
        "amount": "15000.00",
        "timestamp": "2023-06-28T14:19:02.564Z",
        "status": "success",
        "transaction_id": "wqzgf2p6j1"
    }
},
{
    "model": "shop_nexus_api_point.payment",
    "pk": 19,
    "fields": {
        "customer": 3,
        "order": 12,
        "amount": "7460.00",
        "timestamp": "2023-06-28T15:55:49.328Z",
        "status": "success",
        "transaction_id": "txjovjmm55"
    }
},
{
    "model": "shop_nexus_api_point.payment",
    "pk": 20,
    "fields": {
        "customer": 3,
        "order": 13,
        "amount": "5000.00",
        "timestamp": "2023-06-28T17:28:08.211Z",
        "status": "success",
        "transaction_id": "pd1lf0zbn4"
    }
},
{
    "model": "admin.logentry",
    "pk": 1,
    "fields": {
        "action_time": "2023-06-14T23:14:48.352Z",
        "user": [
            "ayomide"
        ],
        "content_type": [
            "shop_nexus_api_point",
            "seller"
        ],
        "object_id": "1",
        "object_repr": "Comely Store",
        "action_flag": 1,
        "change_message": "[{\"added\": {}}]"
    }
},
{
    "model": "admin.logentry",
    "pk": 2,
    "fields": {
        "action_time": "2023-06-14T23:16:03.631Z",
        "user": [
            "ayomide"
        ],
        "content_type": [
            "shop_nexus_api_point",
            "product"
        ],
        "object_id": "e8030f71-7f51-4f1f-8a05-068cc7a627ce",
        "object_repr": "Men Shoes",
        "action_flag": 1,
        "change_message": "[{\"added\": {}}]"
    }
},
{
    "model": "admin.logentry",
    "pk": 3,
    "fields": {
        "action_time": "2023-06-14T23:16:14.980Z",
        "user": [
            "ayomide"
        ],
        "content_type": [
            "shop_nexus_api_point",
            "product"
        ],
        "object_id": "27d0ced9-038e-43d1-a946-a9211562f888",
        "object_repr": "Men Shoes",
        "action_flag": 1,
        "change_message": "[{\"added\": {}}]"
    }
},
{
    "model": "admin.logentry",
    "pk": 4,
    "fields": {
        "action_time": "2023-06-14T23:16:21.061Z",
        "user": [
            "ayomide"
        ],
        "content_type": [
            "shop_nexus_api_point",
            "product"
        ],
        "object_id": "aec719bc-96bf-4100-862c-7da7e757954a",
        "object_repr": "Men Shoes",
        "action_flag": 1,
        "change_message": "[{\"added\": {}}]"
    }
},
{
    "model": "admin.logentry",
    "pk": 5,
    "fields": {
        "action_time": "2023-06-14T23:16:31.179Z",
        "user": [
            "ayomide"
        ],
        "content_type": [
            "shop_nexus_api_point",
            "product"
        ],
        "object_id": "87ccdc8b-93a8-4d97-ab58-f0dd48e6df20",
        "object_repr": "Men Shoes",
        "action_flag": 1,
        "change_message": "[{\"added\": {}}]"
    }
},
{
    "model": "admin.logentry",
    "pk": 6,
    "fields": {
        "action_time": "2023-06-14T23:16:38.081Z",
        "user": [
            "ayomide"
        ],
        "content_type": [
            "shop_nexus_api_point",
            "product"
        ],
        "object_id": "1c2e6c55-d8b3-4242-9ac8-476447ebf8bb",
        "object_repr": "Men Shoes",
        "action_flag": 1,
        "change_message": "[{\"added\": {}}]"
    }
},
{
    "model": "admin.logentry",
    "pk": 7,
    "fields": {
        "action_time": "2023-06-14T23:16:45.894Z",
        "user": [
            "ayomide"
        ],
        "content_type": [
            "shop_nexus_api_point",
            "product"
        ],
        "object_id": "40cf8dc8-8ca8-428c-877d-361bcfece34d",
        "object_repr": "Men Shoes",
        "action_flag": 1,
        "change_message": "[{\"added\": {}}]"
    }
},
{
    "model": "admin.logentry",
    "pk": 8,
    "fields": {
        "action_time": "2023-06-14T23:19:29.325Z",
        "user": [
            "ayomide"
        ],
        "content_type": [
            "shop_nexus_api_point",
            "orderitem"
        ],
        "object_id": "1",
        "object_repr": "Men Shoes - Quantity: 5",
        "action_flag": 1,
        "change_message": "[{\"added\": {}}]"
    }
},
{
    "model": "admin.logentry",
    "pk": 9,
    "fields": {
        "action_time": "2023-06-14T23:19:46.032Z",
        "user": [
            "ayomide"
        ],
        "content_type": [
            "shop_nexus_api_point",
            "orderitem"
        ],
        "object_id": "2",
        "object_repr": "Men Shoes - Quantity: 6",
        "action_flag": 1,
        "change_message": "[{\"added\": {}}]"
    }
},
{
    "model": "admin.logentry",
    "pk": 10,
    "fields": {
        "action_time": "2023-06-15T02:49:11.814Z",
        "user": [
            "ayomide"
        ],
        "content_type": [
            "shop_nexus_api_point",
            "orderitem"
        ],
        "object_id": "6",
        "object_repr": "Men Shoes - Quantity: 1",
        "action_flag": 3,
        "change_message": ""
    }
},
{
    "model": "admin.logentry",
    "pk": 11,
    "fields": {
        "action_time": "2023-06-15T02:49:11.821Z",
        "user": [
            "ayomide"
        ],
        "content_type": [
            "shop_nexus_api_point",
            "orderitem"
        ],
        "object_id": "5",
        "object_repr": "Men Shoes - Quantity: 1",
        "action_flag": 3,
        "change_message": ""
    }
},
{
    "model": "admin.logentry",
    "pk": 12,
    "fields": {
        "action_time": "2023-06-15T02:49:11.827Z",
        "user": [
            "ayomide"
        ],
        "content_type": [
            "shop_nexus_api_point",
            "orderitem"
        ],
        "object_id": "4",
        "object_repr": "Men Shoes - Quantity: 1",
        "action_flag": 3,
        "change_message": ""
    }
},
{
    "model": "admin.logentry",
    "pk": 13,
    "fields": {
        "action_time": "2023-06-15T02:49:11.833Z",
        "user": [
            "ayomide"
        ],
        "content_type": [
            "shop_nexus_api_point",
            "orderitem"
        ],
        "object_id": "3",
        "object_repr": "Men Shoes - Quantity: 1",
        "action_flag": 3,
        "change_message": ""
    }
},
{
    "model": "admin.logentry",
    "pk": 14,
    "fields": {
        "action_time": "2023-06-15T02:49:11.839Z",
        "user": [
            "ayomide"
        ],
        "content_type": [
            "shop_nexus_api_point",
            "orderitem"
        ],
        "object_id": "2",
        "object_repr": "Men Shoes - Quantity: 6",
        "action_flag": 3,
        "change_message": ""
    }
},
{
    "model": "admin.logentry",
    "pk": 15,
    "fields": {
        "action_time": "2023-06-15T02:49:11.843Z",
        "user": [
            "ayomide"
        ],
        "content_type": [
            "shop_nexus_api_point",
            "orderitem"
        ],
        "object_id": "1",
        "object_repr": "Men Shoes - Quantity: 5",
        "action_flag": 3,
        "change_message": ""
    }
},
{
    "model": "admin.logentry",
    "pk": 16,
    "fields": {
        "action_time": "2023-06-16T04:49:49.819Z",
        "user": [
            "ayomide"
        ],
        "content_type": [
            "shop_nexus_api_point",
            "product"
        ],
        "object_id": "e8030f71-7f51-4f1f-8a05-068cc7a627ce",
        "object_repr": "Oraimo Wireless Headphone",
        "action_flag": 2,
        "change_message": "[{\"changed\": {\"fields\": [\"Image\", \"Img 1\", \"Img 2\", \"Img 3\", \"Img 4\", \"Name\", \"Description\", \"Rating\"]}}]"
    }
},
{
    "model": "admin.logentry",
    "pk": 17,
    "fields": {
        "action_time": "2023-06-16T04:51:32.466Z",
        "user": [
            "ayomide"
        ],
        "content_type": [
            "shop_nexus_api_point",
            "product"
        ],
        "object_id": "aec719bc-96bf-4100-862c-7da7e757954a",
        "object_repr": "Tws Earphones",
        "action_flag": 2,
        "change_message": "[{\"changed\": {\"fields\": [\"Image\", \"Img 1\", \"Img 2\", \"Img 3\", \"Img 4\", \"Name\", \"Description\", \"Category\", \"Count\", \"Rating\"]}}]"
    }
},
{
    "model": "admin.logentry",
    "pk": 18,
    "fields": {
        "action_time": "2023-06-17T22:52:17.984Z",
        "user": [
            "ayomide"
        ],
        "content_type": [
            "auth",
            "user"
        ],
        "object_id": "2",
        "object_repr": "ajaomalik2018@gmail.com",
        "action_flag": 3,
        "change_message": ""
    }
},
{
    "model": "admin.logentry",
    "pk": 19,
    "fields": {
        "action_time": "2023-06-17T22:52:17.993Z",
        "user": [
            "ayomide"
        ],
        "content_type": [
            "auth",
            "user"
        ],
        "object_id": "3",
        "object_repr": "ajaomalik2019@gmail.com",
        "action_flag": 3,
        "change_message": ""
    }
},
{
    "model": "admin.logentry",
    "pk": 20,
    "fields": {
        "action_time": "2023-06-17T22:52:17.999Z",
        "user": [
            "ayomide"
        ],
        "content_type": [
            "auth",
            "user"
        ],
        "object_id": "4",
        "object_repr": "ajaomalik2020@gmail.com",
        "action_flag": 3,
        "change_message": ""
    }
},
{
    "model": "admin.logentry",
    "pk": 21,
    "fields": {
        "action_time": "2023-06-17T22:52:18.006Z",
        "user": [
            "ayomide"
        ],
        "content_type": [
            "auth",
            "user"
        ],
        "object_id": "8",
        "object_repr": "ajaomalik209111@gmail.com",
        "action_flag": 3,
        "change_message": ""
    }
},
{
    "model": "admin.logentry",
    "pk": 22,
    "fields": {
        "action_time": "2023-06-17T22:52:18.011Z",
        "user": [
            "ayomide"
        ],
        "content_type": [
            "auth",
            "user"
        ],
        "object_id": "7",
        "object_repr": "ajaomalik20911@gmail.com",
        "action_flag": 3,
        "change_message": ""
    }
},
{
    "model": "admin.logentry",
    "pk": 23,
    "fields": {
        "action_time": "2023-06-17T22:52:18.017Z",
        "user": [
            "ayomide"
        ],
        "content_type": [
            "auth",
            "user"
        ],
        "object_id": "6",
        "object_repr": "ajaomalik2091@gmail.com",
        "action_flag": 3,
        "change_message": ""
    }
},
{
    "model": "admin.logentry",
    "pk": 24,
    "fields": {
        "action_time": "2023-06-17T22:52:18.023Z",
        "user": [
            "ayomide"
        ],
        "content_type": [
            "auth",
            "user"
        ],
        "object_id": "5",
        "object_repr": "ajaomalikkk2020@gmail.com",
        "action_flag": 3,
        "change_message": ""
    }
},
{
    "model": "admin.logentry",
    "pk": 25,
    "fields": {
        "action_time": "2023-06-20T19:26:00.974Z",
        "user": [
            "ayomide"
        ],
        "content_type": [
            "shop_nexus_api_point",
            "product"
        ],
        "object_id": "cdcfc154-ec1b-4ac1-ab98-3b866ad1f2fc",
        "object_repr": "Iphone 11",
        "action_flag": 1,
        "change_message": "[{\"added\": {}}]"
    }
},
{
    "model": "admin.logentry",
    "pk": 26,
    "fields": {
        "action_time": "2023-06-20T19:28:24.990Z",
        "user": [
            "ayomide"
        ],
        "content_type": [
            "shop_nexus_api_point",
            "product"
        ],
        "object_id": "d3390fa8-dfe8-46b4-a4ab-14b3fd6e4539",
        "object_repr": "Iphone 11",
        "action_flag": 1,
        "change_message": "[{\"added\": {}}]"
    }
},
{
    "model": "admin.logentry",
    "pk": 27,
    "fields": {
        "action_time": "2023-06-20T19:28:35.540Z",
        "user": [
            "ayomide"
        ],
        "content_type": [
            "shop_nexus_api_point",
            "product"
        ],
        "object_id": "7247e921-57ef-402f-af32-c0471e2097ed",
        "object_repr": "Iphone 13",
        "action_flag": 1,
        "change_message": "[{\"added\": {}}]"
    }
},
{
    "model": "admin.logentry",
    "pk": 28,
    "fields": {
        "action_time": "2023-06-20T19:29:33.233Z",
        "user": [
            "ayomide"
        ],
        "content_type": [
            "shop_nexus_api_point",
            "product"
        ],
        "object_id": "764cd4fa-4822-49b2-b066-d4dfd6cfa619",
        "object_repr": "Iphone 7",
        "action_flag": 1,
        "change_message": "[{\"added\": {}}]"
    }
},
{
    "model": "admin.logentry",
    "pk": 29,
    "fields": {
        "action_time": "2023-06-20T19:29:37.084Z",
        "user": [
            "ayomide"
        ],
        "content_type": [
            "shop_nexus_api_point",
            "product"
        ],
        "object_id": "6e02b761-b178-40b2-8b2b-f5f4fc1b9a61",
        "object_repr": "Iphone 7",
        "action_flag": 1,
        "change_message": "[{\"added\": {}}]"
    }
},
{
    "model": "admin.logentry",
    "pk": 30,
    "fields": {
        "action_time": "2023-06-20T19:29:41.095Z",
        "user": [
            "ayomide"
        ],
        "content_type": [
            "shop_nexus_api_point",
            "product"
        ],
        "object_id": "79e98fbc-a84e-41f8-b20d-8d969ec1e9e9",
        "object_repr": "Iphone 7",
        "action_flag": 1,
        "change_message": "[{\"added\": {}}]"
    }
},
{
    "model": "admin.logentry",
    "pk": 31,
    "fields": {
        "action_time": "2023-06-20T19:29:44.862Z",
        "user": [
            "ayomide"
        ],
        "content_type": [
            "shop_nexus_api_point",
            "product"
        ],
        "object_id": "65563252-fafe-4c94-a250-479cd7078d6b",
        "object_repr": "Iphone 7",
        "action_flag": 1,
        "change_message": "[{\"added\": {}}]"
    }
},
{
    "model": "admin.logentry",
    "pk": 32,
    "fields": {
        "action_time": "2023-06-20T19:29:48.579Z",
        "user": [
            "ayomide"
        ],
        "content_type": [
            "shop_nexus_api_point",
            "product"
        ],
        "object_id": "91243ad7-f091-4f71-9cd4-7f30fa1dd58b",
        "object_repr": "Iphone 7",
        "action_flag": 1,
        "change_message": "[{\"added\": {}}]"
    }
},
{
    "model": "admin.logentry",
    "pk": 33,
    "fields": {
        "action_time": "2023-06-25T07:55:46.382Z",
        "user": [
            "ayomide"
        ],
        "content_type": [
            "shop_nexus_api_point",
            "orderitem"
        ],
        "object_id": "182",
        "object_repr": "Oraimo Wireless Headphone - Quantity: 1",
        "action_flag": 3,
        "change_message": ""
    }
},
{
    "model": "admin.logentry",
    "pk": 34,
    "fields": {
        "action_time": "2023-06-25T07:55:46.391Z",
        "user": [
            "ayomide"
        ],
        "content_type": [
            "shop_nexus_api_point",
            "orderitem"
        ],
        "object_id": "181",
        "object_repr": "Tws Earphones - Quantity: 1",
        "action_flag": 3,
        "change_message": ""
    }
},
{
    "model": "admin.logentry",
    "pk": 35,
    "fields": {
        "action_time": "2023-06-25T07:55:46.396Z",
        "user": [
            "ayomide"
        ],
        "content_type": [
            "shop_nexus_api_point",
            "orderitem"
        ],
        "object_id": "180",
        "object_repr": "Oraimo Wireless Headphone - Quantity: 1",
        "action_flag": 3,
        "change_message": ""
    }
},
{
    "model": "admin.logentry",
    "pk": 36,
    "fields": {
        "action_time": "2023-06-25T07:55:46.401Z",
        "user": [
            "ayomide"
        ],
        "content_type": [
            "shop_nexus_api_point",
            "orderitem"
        ],
        "object_id": "179",
        "object_repr": "Oraimo Wireless Headphone - Quantity: 1",
        "action_flag": 3,
        "change_message": ""
    }
},
{
    "model": "admin.logentry",
    "pk": 37,
    "fields": {
        "action_time": "2023-06-25T07:55:46.405Z",
        "user": [
            "ayomide"
        ],
        "content_type": [
            "shop_nexus_api_point",
            "orderitem"
        ],
        "object_id": "178",
        "object_repr": "Oraimo Wireless Headphone - Quantity: 1",
        "action_flag": 3,
        "change_message": ""
    }
},
{
    "model": "admin.logentry",
    "pk": 38,
    "fields": {
        "action_time": "2023-06-25T09:26:19.758Z",
        "user": [
            "ayomide"
        ],
        "content_type": [
            "shop_nexus_api_point",
            "orderitem"
        ],
        "object_id": "2",
        "object_repr": "Tws Earphones - Quantity: 1",
        "action_flag": 3,
        "change_message": ""
    }
},
{
    "model": "admin.logentry",
    "pk": 39,
    "fields": {
        "action_time": "2023-06-25T09:26:19.768Z",
        "user": [
            "ayomide"
        ],
        "content_type": [
            "shop_nexus_api_point",
            "orderitem"
        ],
        "object_id": "1",
        "object_repr": "Oraimo Wireless Headphone - Quantity: 1",
        "action_flag": 3,
        "change_message": ""
    }
},
{
    "model": "admin.logentry",
    "pk": 40,
    "fields": {
        "action_time": "2023-06-25T22:33:56.738Z",
        "user": [
            "ayomide"
        ],
        "content_type": [
            "shop_nexus_api_point",
            "payment"
        ],
        "object_id": "1",
        "object_repr": "Payment ID: 1, User: John Hamed, Amount: 10000.00, Status: pending",
        "action_flag": 2,
        "change_message": "[]"
    }
},
{
    "model": "admin.logentry",
    "pk": 41,
    "fields": {
        "action_time": "2023-06-26T14:58:47.886Z",
        "user": [
            "ayomide"
        ],
        "content_type": [
            "shop_nexus_api_point",
            "order"
        ],
        "object_id": "12",
        "object_repr": "Order #12",
        "action_flag": 3,
        "change_message": ""
    }
},
{
    "model": "admin.logentry",
    "pk": 42,
    "fields": {
        "action_time": "2023-06-26T14:58:47.893Z",
        "user": [
            "ayomide"
        ],
        "content_type": [
            "shop_nexus_api_point",
            "order"
        ],
        "object_id": "11",
        "object_repr": "Order #11",
        "action_flag": 3,
        "change_message": ""
    }
},
{
    "model": "admin.logentry",
    "pk": 43,
    "fields": {
        "action_time": "2023-06-26T14:58:47.898Z",
        "user": [
            "ayomide"
        ],
        "content_type": [
            "shop_nexus_api_point",
            "order"
        ],
        "object_id": "10",
        "object_repr": "Order #10",
        "action_flag": 3,
        "change_message": ""
    }
},
{
    "model": "admin.logentry",
    "pk": 44,
    "fields": {
        "action_time": "2023-06-26T14:58:47.902Z",
        "user": [
            "ayomide"
        ],
        "content_type": [
            "shop_nexus_api_point",
            "order"
        ],
        "object_id": "9",
        "object_repr": "Order #9",
        "action_flag": 3,
        "change_message": ""
    }
},
{
    "model": "admin.logentry",
    "pk": 45,
    "fields": {
        "action_time": "2023-06-26T14:58:47.907Z",
        "user": [
            "ayomide"
        ],
        "content_type": [
            "shop_nexus_api_point",
            "order"
        ],
        "object_id": "8",
        "object_repr": "Order #8",
        "action_flag": 3,
        "change_message": ""
    }
},
{
    "model": "admin.logentry",
    "pk": 46,
    "fields": {
        "action_time": "2023-06-26T14:58:47.911Z",
        "user": [
            "ayomide"
        ],
        "content_type": [
            "shop_nexus_api_point",
            "order"
        ],
        "object_id": "7",
        "object_repr": "Order #7",
        "action_flag": 3,
        "change_message": ""
    }
},
{
    "model": "admin.logentry",
    "pk": 47,
    "fields": {
        "action_time": "2023-06-26T14:58:47.915Z",
        "user": [
            "ayomide"
        ],
        "content_type": [
            "shop_nexus_api_point",
            "order"
        ],
        "object_id": "6",
        "object_repr": "Order #6",
        "action_flag": 3,
        "change_message": ""
    }
},
{
    "model": "admin.logentry",
    "pk": 48,
    "fields": {
        "action_time": "2023-06-26T14:58:47.919Z",
        "user": [
            "ayomide"
        ],
        "content_type": [
            "shop_nexus_api_point",
            "order"
        ],
        "object_id": "5",
        "object_repr": "Order #5",
        "action_flag": 3,
        "change_message": ""
    }
},
{
    "model": "admin.logentry",
    "pk": 49,
    "fields": {
        "action_time": "2023-06-26T14:58:47.923Z",
        "user": [
            "ayomide"
        ],
        "content_type": [
            "shop_nexus_api_point",
            "order"
        ],
        "object_id": "4",
        "object_repr": "Order #4",
        "action_flag": 3,
        "change_message": ""
    }
},
{
    "model": "admin.logentry",
    "pk": 50,
    "fields": {
        "action_time": "2023-06-26T14:58:47.926Z",
        "user": [
            "ayomide"
        ],
        "content_type": [
            "shop_nexus_api_point",
            "order"
        ],
        "object_id": "3",
        "object_repr": "Order #3",
        "action_flag": 3,
        "change_message": ""
    }
},
{
    "model": "admin.logentry",
    "pk": 51,
    "fields": {
        "action_time": "2023-06-26T14:58:47.930Z",
        "user": [
            "ayomide"
        ],
        "content_type": [
            "shop_nexus_api_point",
            "order"
        ],
        "object_id": "2",
        "object_repr": "Order #2",
        "action_flag": 3,
        "change_message": ""
    }
},
{
    "model": "admin.logentry",
    "pk": 52,
    "fields": {
        "action_time": "2023-06-26T14:58:47.935Z",
        "user": [
            "ayomide"
        ],
        "content_type": [
            "shop_nexus_api_point",
            "order"
        ],
        "object_id": "1",
        "object_repr": "Order #1",
        "action_flag": 3,
        "change_message": ""
    }
},
{
    "model": "admin.logentry",
    "pk": 53,
    "fields": {
        "action_time": "2023-06-26T14:59:11.812Z",
        "user": [
            "ayomide"
        ],
        "content_type": [
            "shop_nexus_api_point",
            "orderitem"
        ],
        "object_id": "7",
        "object_repr": "Iphone 11 - Quantity: 1",
        "action_flag": 3,
        "change_message": ""
    }
},
{
    "model": "admin.logentry",
    "pk": 54,
    "fields": {
        "action_time": "2023-06-26T14:59:11.819Z",
        "user": [
            "ayomide"
        ],
        "content_type": [
            "shop_nexus_api_point",
            "orderitem"
        ],
        "object_id": "6",
        "object_repr": "Men Shoes - Quantity: 1",
        "action_flag": 3,
        "change_message": ""
    }
},
{
    "model": "admin.logentry",
    "pk": 55,
    "fields": {
        "action_time": "2023-06-26T14:59:11.823Z",
        "user": [
            "ayomide"
        ],
        "content_type": [
            "shop_nexus_api_point",
            "orderitem"
        ],
        "object_id": "5",
        "object_repr": "Men Shoes - Quantity: 1",
        "action_flag": 3,
        "change_message": ""
    }
},
{
    "model": "admin.logentry",
    "pk": 56,
    "fields": {
        "action_time": "2023-06-26T14:59:11.830Z",
        "user": [
            "ayomide"
        ],
        "content_type": [
            "shop_nexus_api_point",
            "orderitem"
        ],
        "object_id": "4",
        "object_repr": "Iphone 13 - Quantity: 1",
        "action_flag": 3,
        "change_message": ""
    }
},
{
    "model": "admin.logentry",
    "pk": 57,
    "fields": {
        "action_time": "2023-06-26T14:59:11.836Z",
        "user": [
            "ayomide"
        ],
        "content_type": [
            "shop_nexus_api_point",
            "orderitem"
        ],
        "object_id": "3",
        "object_repr": "Men Shoes - Quantity: 1",
        "action_flag": 3,
        "change_message": ""
    }
},
{
    "model": "admin.logentry",
    "pk": 58,
    "fields": {
        "action_time": "2023-06-26T14:59:11.842Z",
        "user": [
            "ayomide"
        ],
        "content_type": [
            "shop_nexus_api_point",
            "orderitem"
        ],
        "object_id": "2",
        "object_repr": "Tws Earphones - Quantity: 1",
        "action_flag": 3,
        "change_message": ""
    }
},
{
    "model": "admin.logentry",
    "pk": 59,
    "fields": {
        "action_time": "2023-06-26T14:59:11.847Z",
        "user": [
            "ayomide"
        ],
        "content_type": [
            "shop_nexus_api_point",
            "orderitem"
        ],
        "object_id": "1",
        "object_repr": "Oraimo Wireless Headphone - Quantity: 1",
        "action_flag": 3,
        "change_message": ""
    }
},
{
    "model": "admin.logentry",
    "pk": 60,
    "fields": {
        "action_time": "2023-06-27T07:34:24.878Z",
        "user": [
            "ayomide"
        ],
        "content_type": [
            "shop_nexus_api_point",
            "orderitem"
        ],
        "object_id": "11",
        "object_repr": "Men Shoes - Quantity: 1",
        "action_flag": 3,
        "change_message": ""
    }
},
{
    "model": "admin.logentry",
    "pk": 61,
    "fields": {
        "action_time": "2023-06-27T07:34:24.885Z",
        "user": [
            "ayomide"
        ],
        "content_type": [
            "shop_nexus_api_point",
            "orderitem"
        ],
        "object_id": "10",
        "object_repr": "Oraimo Wireless Headphone - Quantity: 2",
        "action_flag": 3,
        "change_message": ""
    }
},
{
    "model": "admin.logentry",
    "pk": 62,
    "fields": {
        "action_time": "2023-06-27T07:34:24.890Z",
        "user": [
            "ayomide"
        ],
        "content_type": [
            "shop_nexus_api_point",
            "orderitem"
        ],
        "object_id": "9",
        "object_repr": "Tws Earphones - Quantity: 1",
        "action_flag": 3,
        "change_message": ""
    }
},
{
    "model": "admin.logentry",
    "pk": 63,
    "fields": {
        "action_time": "2023-06-27T07:34:24.895Z",
        "user": [
            "ayomide"
        ],
        "content_type": [
            "shop_nexus_api_point",
            "orderitem"
        ],
        "object_id": "8",
        "object_repr": "Men Shoes - Quantity: 1",
        "action_flag": 3,
        "change_message": ""
    }
},
{
    "model": "admin.logentry",
    "pk": 64,
    "fields": {
        "action_time": "2023-06-27T07:34:38.639Z",
        "user": [
            "ayomide"
        ],
        "content_type": [
            "shop_nexus_api_point",
            "order"
        ],
        "object_id": "5",
        "object_repr": "Order #5",
        "action_flag": 3,
        "change_message": ""
    }
},
{
    "model": "admin.logentry",
    "pk": 65,
    "fields": {
        "action_time": "2023-06-27T07:34:38.645Z",
        "user": [
            "ayomide"
        ],
        "content_type": [
            "shop_nexus_api_point",
            "order"
        ],
        "object_id": "4",
        "object_repr": "Order #4",
        "action_flag": 3,
        "change_message": ""
    }
},
{
    "model": "admin.logentry",
    "pk": 66,
    "fields": {
        "action_time": "2023-06-27T07:34:38.650Z",
        "user": [
            "ayomide"
        ],
        "content_type": [
            "shop_nexus_api_point",
            "order"
        ],
        "object_id": "3",
        "object_repr": "Order #3",
        "action_flag": 3,
        "change_message": ""
    }
},
{
    "model": "admin.logentry",
    "pk": 67,
    "fields": {
        "action_time": "2023-06-27T07:34:38.655Z",
        "user": [
            "ayomide"
        ],
        "content_type": [
            "shop_nexus_api_point",
            "order"
        ],
        "object_id": "2",
        "object_repr": "Order #2",
        "action_flag": 3,
        "change_message": ""
    }
},
{
    "model": "admin.logentry",
    "pk": 68,
    "fields": {
        "action_time": "2023-06-27T07:34:38.659Z",
        "user": [
            "ayomide"
        ],
        "content_type": [
            "shop_nexus_api_point",
            "order"
        ],
        "object_id": "1",
        "object_repr": "Order #1",
        "action_flag": 3,
        "change_message": ""
    }
},
{
    "model": "admin.logentry",
    "pk": 69,
    "fields": {
        "action_time": "2023-06-28T14:09:51.584Z",
        "user": [
            "ayomide"
        ],
        "content_type": [
            "shop_nexus_api_point",
            "orderitem"
        ],
        "object_id": "14",
        "object_repr": "Men Shoes - Quantity: 1",
        "action_flag": 3,
        "change_message": ""
    }
},
{
    "model": "admin.logentry",
    "pk": 70,
    "fields": {
        "action_time": "2023-06-28T14:09:51.596Z",
        "user": [
            "ayomide"
        ],
        "content_type": [
            "shop_nexus_api_point",
            "orderitem"
        ],
        "object_id": "13",
        "object_repr": "Men Shoes - Quantity: 1",
        "action_flag": 3,
        "change_message": ""
    }
},
{
    "model": "admin.logentry",
    "pk": 71,
    "fields": {
        "action_time": "2023-06-28T14:09:51.615Z",
        "user": [
            "ayomide"
        ],
        "content_type": [
            "shop_nexus_api_point",
            "orderitem"
        ],
        "object_id": "12",
        "object_repr": "Oraimo Wireless Headphone - Quantity: 1",
        "action_flag": 3,
        "change_message": ""
    }
},
{
    "model": "admin.logentry",
    "pk": 72,
    "fields": {
        "action_time": "2023-06-28T14:10:45.522Z",
        "user": [
            "ayomide"
        ],
        "content_type": [
            "shop_nexus_api_point",
            "order"
        ],
        "object_id": "10",
        "object_repr": "Order #10",
        "action_flag": 3,
        "change_message": ""
    }
},
{
    "model": "admin.logentry",
    "pk": 73,
    "fields": {
        "action_time": "2023-06-28T14:10:45.529Z",
        "user": [
            "ayomide"
        ],
        "content_type": [
            "shop_nexus_api_point",
            "order"
        ],
        "object_id": "9",
        "object_repr": "Order #9",
        "action_flag": 3,
        "change_message": ""
    }
},
{
    "model": "admin.logentry",
    "pk": 74,
    "fields": {
        "action_time": "2023-06-28T14:10:45.533Z",
        "user": [
            "ayomide"
        ],
        "content_type": [
            "shop_nexus_api_point",
            "order"
        ],
        "object_id": "8",
        "object_repr": "Order #8",
        "action_flag": 3,
        "change_message": ""
    }
},
{
    "model": "admin.logentry",
    "pk": 75,
    "fields": {
        "action_time": "2023-06-28T14:10:45.537Z",
        "user": [
            "ayomide"
        ],
        "content_type": [
            "shop_nexus_api_point",
            "order"
        ],
        "object_id": "7",
        "object_repr": "Order #7",
        "action_flag": 3,
        "change_message": ""
    }
},
{
    "model": "admin.logentry",
    "pk": 76,
    "fields": {
        "action_time": "2023-06-28T14:10:45.542Z",
        "user": [
            "ayomide"
        ],
        "content_type": [
            "shop_nexus_api_point",
            "order"
        ],
        "object_id": "6",
        "object_repr": "Order #6",
        "action_flag": 3,
        "change_message": ""
    }
}
]
